assay_name	assay_name_alternate	targetTaxonomicAssay	targetTaxonomicScope	target	target_gene	target_subfragment	pcr_primer_forward	pcr_primer_reverse	pcr_primer_name_forward	pcr_primer_name_reverse	pcr_primer_name_published_forward	pcr_primer_name_published_reverse	pcr_primer_reference_forward	pcr_primer_reference_reverse	assay_reference	
Anthozoa-28S-McCartin		Cnidaria: Anthozoa	Includes subclasses Hexacorallia and Octocorallia	28S Ribosomal RNA [NCIT:C48171]	28S rRNA (LSU eukaryote)		CGTGAAACCGYTRRAAGGG	TTGGTCCGTGTTTCAAGACG	Anth-28S-eDNA-F	Anth-28S-eDNA-R	Anth-28S-eDNA-F	Anth-28S-eDNA-R	https://doi.org/10.7717/peerj.18607	https://doi.org/10.7717/peerj.18607		
Bacteria-16S-V3V4-806R		Bacteria	93.1% of Bacteria; 0.2% of Archaea; 0.1% of Eukaryota (SILVA TestPrime)	Bacterial 16S RNA [NCIT:C105370]	16S rRNA (SSU prokaryote)	V3-V4	ACTCCTACGGGAGGCAGCAG	GGACTACHVGGGTWTCTAAT	16S-V3-338F	16S-V4-806R	338F	806R	https://cir.nii.ac.jp/crid/1570009750603612672	https://doi.org/10.1073/pnas.1000080107		
Bacteria-16S-V3V4-806RB		Bacteria	93.2% of Bacteria; 0.2% of Archaea; 0.3% of Eukaryota (SILVA TestPrime)	Bacterial 16S RNA [NCIT:C105370]	16S rRNA (SSU prokaryote)	V3-V4	ACTCCTACGGGAGGCAGCAG	GGACTACNVGGGTWTCTAAT	16S-V3-338F	16S-V4-806RB	338F	806RB	https://cir.nii.ac.jp/crid/1570009750603612672	https://doi.org/10.3354/ame01753		
Prokaryota-16S-V4-EMP		Prokaryota	94.8% of Bacteria; 95.9% of Archaea; 18.5% of Eukaryota (SILVA TestPrime)	Bacterial 16S RNA [NCIT:C105370]	16S rRNA (SSU prokaryote)	V4	GTGYCAGCMGCCGCGGTAA	GGACTACNVGGGTWTCTAAT	16S-V4-515F-Y	16S-V4-806RB	515F-Y	806RB	https://doi.org/10.1111/1462-2920.13023	https://doi.org/10.3354/ame01753		
Universal-SSU-V4V5-Parada		Universal	95.3% of Bacteria; 92.9% of Archaea; 93.8% of Eukaryota (SILVA TestPrime)	Bacterial 16S RNA [NCIT:C105370]	16S rRNA (SSU prokaryote)	V4-V5	GTGYCAGCMGCCGCGGTAA	CCGYCAATTYMTTTRAGTTT	16S-V4-515F-Y	16S-V5-926R	515F-Y	926R	https://doi.org/10.1111/1462-2920.13023	https://doi.org/10.1111/1462-2920.13023		
Cephalopod-18S-deJonge		Cephalopoda		18S Ribosomal RNA [NCIT:C48172]	18S rRNA (SSU eukaryote)		CGCGGCGCTACATATTAGAC	GCACTTAACCGACCGTCGAC	Ceph18S-F	Ceph18S-R	Ceph18S	Ceph18S	https://doi.org/10.1098/rsos.201388	https://doi.org/10.1098/rsos.201388		
Eukarya-18S-V4-Stoeck		Eukarya	phytoplankton	18S Ribosomal RNA [NCIT:C48172]	18S rRNA (SSU eukaryote)	V4	CCAGCASCYGCGGTAATTCC	ACTTTCGTTCTTGATYRA	18S-V4-TAReuk454FWD1	18S-V4-TAReuk454REV3	TAReuk454FWD1	TAReuk454REV3	https://doi.org/10.1111/j.1365-294X.2009.04480.x	https://doi.org/10.1111/j.1365-294X.2009.04480.x		
Eukarya-18S-V4-Stoeck-Balzano		Eukarya	phytoplankton	18S Ribosomal RNA [NCIT:C48172]	18S rRNA (SSU eukaryote)	V4	CCAGCASCYGCGGTAATTCC	ACTTTCGTTCTTGATYRR	18S-V4-TAReuk454FWD1	18S-V4-TAReuk454REV3.V4RB	TAReuk454FWD1	V4RB	https://doi.org/10.1111/j.1365-294X.2009.04480.x	https://doi.org/10.3354/ame01740		
Eukarya-18S-V4-Stoeck-NCOG		Eukarya	phytoplankton	18S Ribosomal RNA [NCIT:C48172]	18S rRNA (SSU eukaryote)	V4	CCAGCASCYGCGGTAATTCC	ACTTTCGTTCTTGATYR	18S-V4-TAReuk454FWD1	18S-V4-TAReuk454REV3.1	TAReuk454FWD1	TAReuk454REV3.1	https://doi.org/10.1111/j.1365-294X.2009.04480.x	https://doi.org/10.3389/fmicb.2018.01998		
Eukarya-18S-V4-Stoeck-Piredda		Eukarya	phytoplankton	18S Ribosomal RNA [NCIT:C48172]	18S rRNA (SSU eukaryote)	V4	CCAGCASCYGCGGTAATTCC	ACTTTCGTTCTTGATYRATGA	18S-V4-TAReuk454FWD1	18S-V4-TAReuk454REV3.Piredda	TAReuk454FWD1	missing: not provided	https://doi.org/10.1111/j.1365-294X.2009.04480.x	https://doi.org/10.1093/femsec/fiw200		
Eukarya-18S-V9-AmaralZettler-1389F	Wilderlab-BU	Eukarya	phytoplankton, zooplankton, other eukaryotes	18S Ribosomal RNA [NCIT:C48172]	18S rRNA (SSU eukaryote)	V9	TTGTACACACCGCCC	CCTTCYGCAGGTTCACCTAC	18S-V9-1389F	18S-V9-1510R	1389F	1510R	https://doi.org/10.1371/journal.pone.0006372	https://doi.org/10.1371/journal.pone.0006372	Amaral-Zettler et al. 2009	
Eukarya-18S-V9-Lane-Medlin		Eukarya	phytoplankton, zooplankton	18S Ribosomal RNA [NCIT:C48172]	18S rRNA (SSU eukaryote)	V9	GTACACACCGCCCGTC	TGATCCTTCTGCAGGTTCACCTAC	18S-V9-1391F	18S-V9-EukB	1391F	EukB	https://cir.nii.ac.jp/crid/1570009750603612672, https://doi.org/10.1111/j.1365-294X.2009.04480.x	https://doi.org/10.1016/0378-1119(88)90066-2, https://doi.org/10.1111/j.1365-294X.2009.04480.x		
Eukarya-ITS-White-Sterling		Eukarya	Fungi, diatoms	Fungi [NCBITAXON:4751]	ITS1-ITS2		TCCGTAGGTGAACCTGCGG	CATCCACCGCTGAAAGTTGTAA	ITS1-F	ITS1-R-Pn	ITS1-F	Pn-ITS1-R	https://doi.org/10.1002/lno.12189	https://doi.org/10.1002/lno.12189		
Fish-12S-MiFish-Miya		Actinopterygii	Also captures non-target: Bacteria	12S Mitochondrial Ribosomal RNA [NCIT:C128263]	12S rRNA (SSU mitochondria)	V5-V6	GTCGGTAAAACTCGTGCCAGC	CATAGTGGGGTATCTAATCCCAGTTTG	MiFish-U-F	MiFish-U-R	MiFish-U-F	MiFish-U-R	https://doi.org/10.1098/rsos.150088	https://doi.org/10.1098/rsos.150088		
Fish-12S-MiFish-Miya-Stoeckle		Actinopterygii	"Also captures non-target: Vertebrates, bacteria"	12S Mitochondrial Ribosomal RNA [NCIT:C128263]	12S rRNA (SSU mitochondria)	V5-V6	GTCGGTAAAACTCGTGCCAGC	CATAGTGGGGTATCTAATCCCAGTTTGT	MiFish-U-F	MiFish-U-R2	MiFish-U-F	MiFish-U-R2	https://doi.org/10.1098/rsos.150088	https://doi.org/10.1098/rsos.150088, https://doi.org/10.1093/icesjms/fsab273		
Fish-12S-MiFish-Miya-Wangensteen		Actinopterygii	"Also captures non-target: Vertebrates, bacteria"	12S Mitochondrial Ribosomal RNA [NCIT:C128263]	12S rRNA (SSU mitochondria)	V5-V6	GCCGGTAAAACTCGTGCCAGC	CATAGTGGGGTATCTAATCCCAGTTTG	MiFish-U-F-V2	MiFish-U-R	MiFish-U-F	MiFish-U-R	https://doi.org/10.1098/rsos.150088, https://doi.org/10.1002/edn3.14	https://doi.org/10.1098/rsos.150088		
Fish-12S-Riaz		Actinopterygii	Also captures non-target: Vertebrates	12S Mitochondrial Ribosomal RNA [NCIT:C128263]	12S rRNA (SSU mitochondria)	V5-V6	ACTGGGATTAGATACCCC	TAGAACAGGCTCCTCTAG	12S-Riaz-F	12S-Riaz-R	12S-V5-F	12S-V5-R	https://doi.org/10.1093/nar/gkr732	https://doi.org/10.1093/nar/gkr732		
MarineMammal-Dloop-Baker		Marine mammals		Mammalia [NCBITAXON:40674]	D-loop		TCACCCAAAGCTGRARTTCTA	GCGGGTTGCTGGTTTCACG	Baker-M13dlp1.5-H	Baker-Oordlp4	M13dlp1.5	Oordlp4	https://doi.org/10.1046/j.1365-294x.1998.00380.x, https://doi.org/10.3389/fmars.2018.00133	https://doi.org/10.1046/j.1365-294x.1998.00380.x, https://doi.org/10.3389/fmars.2018.00133		
Metazoa-16S-Kelly		Metazoa		16S Mitochondrial Ribosomal RNA [NCIT:C131261]	16S rRNA (LSU mitochondria)		AGTTACYYTAGGGATAACAGCG	CCGGTCTGAACTCAGATCAYGT	Kelly-16S-Metazoa-Fwd	Kelly-16S-Metazoa-Rev	16s_Metazoa_fwd	16s_Metazoa_rev	https://doi.org/10.7717/peerj.2444	https://doi.org/10.7717/peerj.2444		
Metazoa-18S-V7V8-Machida		Metazoa		18S Ribosomal RNA [NCIT:C48172]	18S rRNA (SSU eukaryote)	V7-8	GYGGTGCATGGCCGTTSKTRGTT	GTGTGYACAAAGGBCAGGGAC	Machida-18S-V7V8-F	Machida-18S-V7V8-R	#3	#5_RC	https://doi.org/10.1371/journal.pone.0046180	https://doi.org/10.1371/journal.pone.0046180		
Metazoa-COI-Leray-Folmer		Metazoa		Cytochrome C Oxidase Subunit 1 [NCIT:C128943]	COI		GGWACWGGWTGAACWGTWTAYCCYCC	TAAACTTCAGGGTGACCAAAAAATCA	COI-mlCOIintF	COI-HCO2198	mlCOIintF	HCO2198	https://doi.org/10.1186/1742-9994-10-34	https://www.mbari.org/wp-content/uploads/2016/01/Folmer_94MMBB.pdf		
Metazoa-COI-Leray-Geller		Metazoa		Cytochrome C Oxidase Subunit 1 [NCIT:C128943]	COI		GGWACWGGWTGAACWGTWTAYCCYCC	TANACYTCNGGRTGNCCRAARAAYCA	COI-mlCOIintF	COI-jgHCO2198	mlCOIintF	jgHCO2198	https://doi.org/10.1186/1742-9994-10-34	https://doi.org/10.1111/1755-0998.12138		
Octocoral-mutS-Everett		Octocorallia		Octocorallia [NCBITAXON:6132]	mutS		GCTTATCCAGATTGGTAAGTTCTATGAA	ACAGTCCTCTAAATTACAACTAGGAGAATA	Octo-eDNA-Mut2F	Octo-eDNA-Mut2R	Octo_eDNA_Mut2F	Octo_eDNA_Mut2R	https://doi.org/10.1016/j.dsr2.2017.09.008	https://doi.org/10.1016/j.dsr2.2017.09.008		
Octocoral-mutS-Paragorgia		Octocorallia	Modified to also target Paragorgia	Octocorallia [NCBITAXON:6132]	mutS		GCTTATCCAGATTGGTAAGTTCTATGAA	GCAGTCTTCTAAATTGCAACCGGGAGAATA	Octo-eDNA-Mut2F	Octo-eDNA-MutS-Paragorgia	Octo_eDNA_Mut2F	missing: not provided	https://doi.org/10.1016/j.dsr2.2017.09.008	missing: not provided		
Scleractinia-28S-McCartin		Cnidaria: Scleractinia	Targets order Scleractinia within subclass Hexacorallia	28S Ribosomal RNA [NCIT:C48171]	28S rRNA (LSU eukaryote)		AKGGAAACGAATGGRCTMAG	TCCTTGGTCCGTGTTTCAAG	Scler-28S-eDNA-F	Scler-28S-eDNA-R	Scler-28S-eDNA-F	Scler-28S-eDNA-R	https://doi.org/10.7717/peerj.18607	https://doi.org/10.7717/peerj.18607		
Vertebrates-12S-MarVer1-Valsecchi	Wilderlab-LM	Marine vertebrates	Also captures some invertebrates	12S Mitochondrial Ribosomal RNA [NCIT:C128263]	12S rRNA (SSU mitochondria)	V5-V6	CGTGCCAGCCACCGCG	GGGTATCTAATCCYAGTTTG	12S-MarVer1-F	12S-MarVer1-R	MarVer1F	MarVer1R	https://doi.org/10.1002/edn3.72	https://doi.org/10.1002/edn3.72	Valsecchi et al. 2020	
Vertebrates-16S-MarVer3-Valsecchi		Marine vertebrates	Also captures some invertebrates	16S Mitochondrial Ribosomal RNA [NCIT:C131261]	16S rRNA (LSU mitochondria)		AGACGAGAAGACCCTRTG	GGATTGCGCTGTTATCCC	16S-MarVer3-F	16S-MarVer3-R	MarVer3F	MarVer3R	https://doi.org/10.1002/edn3.72	https://doi.org/10.1002/edn3.72		
Eukarya-18S-V9-AmaralZettler-1380F	Wilderlab-BE	Eukarya		18S Ribosomal RNA [NCIT:C48172]	18S rRNA (SSU eukaryote)	V9	CCCTGCCHTTTGTACACAC	CCTTCYGCAGGTTCACCTAC	18S-V9-1380F	18S-V9-1510R	1380F	1510R 	https://doi.org/10.1371/journal.pone.0006372	https://doi.org/10.1371/journal.pone.0006372	Amaral-Zettler et al. 2009	
Eukarya-18S-V1V3-Pochon	Wilderlab-BX	Eukarya		18S Ribosomal RNA [NCIT:C48172]	18S rRNA (SSU eukaryote)	V1-V3	GCCAGTAGTCATATGCTTGTCT	GCCTGCTGCCTTCCTT 	18S-V1-1F	18S-V3-400R	18S_uni_1F	18S_uni_400R	https://doi.org/10.1371/journal.pone.0073935	https://doi.org/10.1371/journal.pone.0073935	Pochon et al. 2013	
Metazoa-COI-Leray-Wilkinson	Wilderlab-CI	Metazoa	COI developed for aquatic insects but detects many other inverts and some verts	Cytochrome C Oxidase Subunit 1 [NCIT:C128943]	COI		DACWGGWTGAACWGTWTAYCCHCC	GTTGTAATAAAATTAAYDGCYCCTARAATDGA	COI-mlCOIintF-CIF	COI-R-CIR	mlCOIintF (modified)	CIR	https://doi.org/10.1186/1742-9994-10-34	https://peerj.com/articles/16963/	Leray et al. 2013 (modified), Wilkinson et al. 2024	
	Wilderlab-EA	Echyridella freshwater mussels COI					TATATAATGTTATTGTAACRGCGC	CCCARCATCAAAGGAATCAAYCA	EAF	EAR	EAF	EAR			Wilderlab in house	
	Wilderlab-GD	Coral ITS2					GARTCTTTGAACGCAAATGGC	GCTTATTAATATGCTTAAATTCAGCG, TCGCCGTTACTGAGGGAATC	GDF	GCR, GDR	SCLER5.8SForw	SCLER28SRev, Acro874_Rev	https://doi.org/10.1007/s00338-018-01762-9	https://doi.org/10.1007/s00338-018-01762-9, https://doi.org/10.1007/s00338-019-01875-9	Brian et al. 2019, Alexander et al. 2019 	
	Wilderlab-GF	Fungi ITS1					GGAAGTAAAAGTCGTAACAAGG	CAAGAGATCCGTTGYTGAAAGTK	GFF	GFR	Fung02F/ITS5	Fung02R	https://www.researchgate.net/publication/262687766_Amplification_and_Direct_Sequencing_of_Fungal_Ribosomal_RNA_Genes_for_Phylogenetics	https://doi.org/10.1093/oso/9780198767220.001.0001	White et al. 1990, Taberlet et al. 2018	
	Wilderlab-GV	Vascular plants ITS1					GTGAACCTGCGGAAGGATC	GATATCCGTTGCCGAGAGTC	GVF	GVR	MicroSSU	ITS1-F	https://doi.org/10.1128/AEM.01978-10	https://doi.org/10.1371/journal.pone.0035643	Andree et al. 2011, Baamrane et al. 2012	
	Wilderlab-HD	Crustaceans 16S					GGACGATAAGACCCTATAAA	ACGCTGTTATCCCTAAAGT	HDF	HDR	MiDeca-F	MiDeca-R	https://mbmg.pensoft.net/article/33835/	https://mbmg.pensoft.net/article/33835/	Komai et al. 2019	
	Wilderlab-MC	Marine sponge 28S					TTCCCTCAGTAACGGCGAGY	CAACTTTCCCTCACGGTACTT	MCF	MCR	28S POR 100 FDG	LSU 300RV	https://doi.org/10.22541/au.172529899.94609833/v1	https://journals.plos.org/plosone/article?id=10.1371/journal.pone.0024344	Martineau et al. 2024, Redmond et al. 2011	
	Wilderlab-MZ	Vascular plants rbcL					CTTCTTCAGGTGGAACTCCAG	GTCACCACAAACAGAGACTAAAGCAAGT	MZF	MZR	rbcL19b	rbcLZ1 (modified)	https://doi.org/10.1002/ajp.20384	https://doi.org/10.1002/ajp.20384	Modified from Bradley et al. 2007	
	Wilderlab-RV	Vertebrate 12S ecoprimers					TTAGATACCCCACTATGC	TAGAACAGGCTCCTCTAG	RVF	RVR	12S-V5-F	12S-V5-R	https://doi.org/10.1093/nar/gkr732	https://doi.org/10.1093/nar/gkr732	Riaz et al. 2011	
	Wilderlab-TD	Invasive Caulerpa tufA					CAACTCGACCAGTTGCTAC	ACTGTGGATAATGCAATACCTTTACCTC	TCF	TCR	TDF	TDR			Wilderlab in house	
	Wilderlab-TP	Vascular plants trnL					GGGCAATCCTGAGCCAA	CCATTGAGTCTCTGCACCTATC	TPF	TPR	trnL-g	trnL-h	https://doi.org/10.1093/nar/gkl938	https://doi.org/10.1093/nar/gkl938	Taberlet et al. 2006	
	Wilderlab-UM	Microbes 16S V5					GGATTAGATACCCTGGTA	CCGTCAATTCMTTTRAGTTT	UMF	UMR	U785F	U907R	https://doi.org/10.1128/JCM.00670-06	https://doi.org/10.1073/pnas.82.20.6955	Morey et al. 2006, Lane et al. 1985	
	Wilderlab-WG	Venerid clams 16S					TTDTAAAAGMCGAGAAGACCC	CSCTGTTATCCCYRCGGTA	WGF	WGR	Vene01_F	Vene01_R	https://doi.org/10.1007/s10750-020-04260-8	https://doi.org/10.1007/s10750-020-04260-8	Priï¿½ et al. 2021	
	Wilderlab-WO	Oysters 16S					AAGAAGACCCCGTGCARC	CTGTTATCCCCGGCGTAAC	WOF	WOR	NOyster16SF	NOyster16SR	https://doi.org/10.1016/j.ecss.2024.108722	https://doi.org/10.1016/j.ecss.2024.108722	Dugal et al. 2024	
	Wilderlab-WV	Vertebrate 16S					GACGAGAAGACCCTWTGGAGC	CCRYGGTCGCCCCAAC	WVF	WVR	16S_FishSyn_Short forward	16S_FishSyn_Short reverse	https://doi.org/10.1002/edn3.93	https://doi.org/10.1002/edn3.93	Based on Nester et al. 2020	
	Wilderlab-XG	Gobiomorphus fish COI					GCAATYTCCCAGTATCARACACC	GCAGCAAGMACGGGGAG	XGF	XGR	XGF	XGR			Wilderlab in house	
	Wilderlab-XO	Platypus D-loop					CAGCAATACCCTAGACAAGG	CGCTTCAATGGCTGCGC    	XOF	XOR	OAcr_F	OAcr_R	https://doi.org/10.1111/2041-210X.12951	https://doi.org/10.1111/2041-210X.12951	Lugg et al. 2017	
																