pcr_primer_forward	pcr_primer_reverse	arbSilva_offtarget	arbSilva_Archaea_2mismatchCoverage_r138.2	arbSilva_Bacteria_2mismatchCoverage_r138.2	arbSilva_Eukaryota_2mismatchCoverage_r138.2	arbSilva_TARGET_2mismatchCoverage_r138.2
CGTGAAACCGYTRRAAGGG	TTGGTCCGTGTTTCAAGACG	many metazoan off targets	0	0	18.6	85.7
ACTCCTACGGGAGGCAGCAG	GGACTACHVGGGTWTCTAAT	NA	0.2	93.1	0.1	NA
ACTCCTACGGGAGGCAGCAG	GGACTACNVGGGTWTCTAAT	NA	0.2	93.2	0.3	NA
GTGYCAGCMGCCGCGGTAA	GGACTACNVGGGTWTCTAAT	"Eukaryota includes Discoba, Excavata, Stramenopiles"	95.9	94.8	18.5	NA
GTGYCAGCMGCCGCGGTAA	CCGYCAATTYMTTTRAGTTT	NA	92.9	95.3	93.8	NA
CGCGGCGCTACATATTAGAC	GCACTTAACCGACCGTCGAC	none	0	0	0.1	100
CCAGCASCYGCGGTAATTCC	ACTTTCGTTCTTGATYRA	NA	0	0	85.8	NA
CCAGCASCYGCGGTAATTCC	ACTTTCGTTCTTGATYRR	NA	0	0	85.8	NA
CCAGCASCYGCGGTAATTCC	ACTTTCGTTCTTGATYR	NA	0	0.1	85.9	NA
CCAGCASCYGCGGTAATTCC	ACTTTCGTTCTTGATYRATGA	NA	0	0	83.8	NA
TTGTACACACCGCCC	CCTTCYGCAGGTTCACCTAC	NA	0.2	0.1	58.8	NA
GTACACACCGCCCGTC	TGATCCTTCTGCAGGTTCACCTAC	NA	0	0	0.2	NA
TCCGTAGGTGAACCTGCGG	CATCCACCGCTGAAAGTTGTAA	NA	NA	NA	NA	NA
GTCGGTAAAACTCGTGCCAGC	CATAGTGGGGTATCTAATCCCAGTTTG	NA	NA	NA	NA	NA
GTCGGTAAAACTCGTGCCAGC	CATAGTGGGGTATCTAATCCCAGTTTGT	NA	NA	NA	NA	NA
GCCGGTAAAACTCGTGCCAGC	CATAGTGGGGTATCTAATCCCAGTTTG	NA	NA	NA	NA	NA
ACTGGGATTAGATACCCC	TAGAACAGGCTCCTCTAG	NA	NA	NA	NA	NA
TCACCCAAAGCTGRARTTCTA	GCGGGTTGCTGGTTTCACG	NA	NA	NA	NA	NA
AGTTACYYTAGGGATAACAGCG	CCGGTCTGAACTCAGATCAYGT	NA	NA	NA	NA	NA
GYGGTGCATGGCCGTTSKTRGTT	GTGTGYACAAAGGBCAGGGAC	amplifies most Eukaryota	0.1	0	92.3	94.4
GGWACWGGWTGAACWGTWTAYCCYCC	TAAACTTCAGGGTGACCAAAAAATCA	NA	NA	NA	NA	NA
GGWACWGGWTGAACWGTWTAYCCYCC	TANACYTCNGGRTGNCCRAARAAYCA	NA	NA	NA	NA	NA
GCTTATCCAGATTGGTAAGTTCTATGAA	ACAGTCCTCTAAATTACAACTAGGAGAATA	NA	NA	NA	NA	NA
GCTTATCCAGATTGGTAAGTTCTATGAA	GCAGTCTTCTAAATTGCAACCGGGAGAATA	NA	NA	NA	NA	NA
AKGGAAACGAATGGRCTMAG	TCCTTGGTCCGTGTTTCAAG	"minor Hydrozoa, Ctenophora, and Amoebozoa"	0	0	0.3	NA
CGTGCCAGCCACCGCG	GGGTATCTAATCCYAGTTTG	NA	NA	NA	NA	NA
AGACGAGAAGACCCTRTG	GGATTGCGCTGTTATCCC	NA	NA	NA	NA	NA
CCCTGCCHTTTGTACACAC	CCTTCYGCAGGTTCACCTAC	NA	0	0	58.2	NA
GCCAGTAGTCATATGCTTGTCT	GCCTGCTGCCTTCCTT 	NA	0	0	78.5	NA
DACWGGWTGAACWGTWTAYCCHCC	GTTGTAATAAAATTAAYDGCYCCTARAATDGA	NA	NA	NA	NA	NA
TATATAATGTTATTGTAACRGCGC	CCCARCATCAAAGGAATCAAYCA	NA	NA	NA	NA	NA
GARTCTTTGAACGCAAATGGC	GCTTATTAATATGCTTAAATTCAGCG | TCGCCGTTACTGAGGGAATC	NA	NA	NA	NA	NA
GGAAGTAAAAGTCGTAACAAGG	CAAGAGATCCGTTGYTGAAAGTK	NA	NA	NA	NA	NA
GTGAACCTGCGGAAGGATC	GATATCCGTTGCCGAGAGTC	NA	NA	NA	NA	NA
GGACGATAAGACCCTATAAA	ACGCTGTTATCCCTAAAGT	NA	NA	NA	NA	NA
TTCCCTCAGTAACGGCGAGY	CAACTTTCCCTCACGGTACTT	Many off targets within Eukaryota and Bacteria	0.8	11	50.6	95.1
CTTCTTCAGGTGGAACTCCAG	GTCACCACAAACAGAGACTAAAGCAAGT	NA	NA	NA	NA	NA
TTAGATACCCCACTATGC	TAGAACAGGCTCCTCTAG	NA	NA	NA	NA	NA
CAACTCGACCAGTTGCTAC	ACTGTGGATAATGCAATACCTTTACCTC	NA	NA	NA	NA	NA
GGGCAATCCTGAGCCAA	CCATTGAGTCTCTGCACCTATC	NA	NA	NA	NA	NA
GGATTAGATACCCTGGTA	CCGTCAATTCMTTTRAGTTT	NA	90.3	94.5	1.7	NA
TTDTAAAAGMCGAGAAGACCC	CSCTGTTATCCCYRCGGTA	NA	NA	NA	NA	NA
AAGAAGACCCCGTGCARC	CTGTTATCCCCGGCGTAAC	Archaeal off target	10.1	0.7	NA	NA
GACGAGAAGACCCTWTGGAGC	CCRYGGTCGCCCCAAC	NA	NA	NA	NA	NA
GCAATYTCCCAGTATCARACACC	GCAGCAAGMACGGGGAG	NA	NA	NA	NA	NA
CAGCAATACCCTAGACAAGG	CGCTTCAATGGCTGCGC    	NA	NA	NA	NA	NA
